"cs_id","regioin_cd"
"281","11110"
"283","11110"
"826","11110"
"827","11110"
"829","11110"
"830","11110"
"1007","11110"
"1011","11110"
"1012","11110"
"1013","11110"
"1015","11110"
"1373","11110"
"5060","11110"
"5062","11110"
"5063","11110"
"5167","11110"
"11","11140"
"14","11140"
"282","11140"
"594","11140"
"595","11140"
"596","11140"
"828","11140"
"1008","11140"
"1009","11140"
"2947","11140"
"3005","11140"
"3068","11140"
"3849","11140"
"3993","11140"
"4793","11140"
"5057","11140"
"5058","11140"
"5059","11140"
"5631","11140"
"8118","11140"
"8119","11140"
"9249","11140"
"591","11170"
"592","11170"
"593","11170"
"814","11170"
"816","11170"
"819","11170"
"820","11170"
"821","11170"
"823","11170"
"824","11170"
"1006","11170"
"1367","11170"
"1371","11170"
"1372","11170"
"2542","11170"
"3084","11170"
"3600","11170"
"3814","11170"
"15","11200"
"583","11200"
"791","11200"
"792","11200"
"793","11200"
"1850","11200"
"2539","11200"
"2970","11200"
"2996","11200"
"3006","11200"
"3021","11200"
"3083","11200"
"3337","11200"
"4150","11200"
"4794","11200"
"4801","11200"
"4810","11200"
"6822","11200"
"8113","11200"
"216","11215"
"288","11215"
"289","11215"
"581","11215"
"983","11215"
"2228","11215"
"3998","11215"
"4151","11215"
"209","11230"
"284","11230"
"578","11230"
"787","11230"
"788","11230"
"1349","11230"
"1350","11230"
"1849","11230"
"2429","11230"
"2430","11230"
"2725","11230"
"2961","11230"
"3020","11230"
"3315","11230"
"4814","11230"
"5814","11230"
"5815","11230"
"12","11260"
"579","11260"
"580","11260"
"785","11260"
"786","11260"
"789","11260"
"978","11260"
"979","11260"
"980","11260"
"981","11260"
"982","11260"
"2690","11260"
"2851","11260"
"3885","11260"
"4145","11260"
"4152","11260"
"4154","11260"
"5563","11260"
"5805","11260"
"213","11290"
"214","11290"
"597","11290"
"831","11290"
"832","11290"
"833","11290"
"835","11290"
"836","11290"
"1017","11290"
"1018","11290"
"1019","11290"
"1374","11290"
"2288","11290"
"2289","11290"
"2382","11290"
"2667","11290"
"2724","11290"
"2761","11290"
"2910","11290"
"3069","11290"
"3134","11290"
"3353","11290"
"3602","11290"
"3999","11290"
"4808","11290"
"10","11305"
"834","11305"
"1016","11305"
"2383","11305"
"3019","11305"
"3500","11305"
"3815","11305"
"4143","11305"
"584","11320"
"585","11320"
"586","11320"
"587","11320"
"590","11320"
"801","11320"
"803","11320"
"806","11320"
"985","11320"
"988","11320"
"989","11320"
"996","11320"
"998","11320"
"1358","11320"
"1360","11320"
"2379","11320"
"2995","11320"
"3079","11320"
"3129","11320"
"3130","11320"
"3131","11320"
"4802","11320"
"4803","11320"
"4807","11320"
"5625","11320"
"7177","11320"
"36","11350"
"104","11350"
"589","11350"
"796","11350"
"798","11350"
"800","11350"
"805","11350"
"807","11350"
"986","11350"
"993","11350"
"995","11350"
"1356","11350"
"1357","11350"
"1359","11350"
"1851","11350"
"2378","11350"
"2540","11350"
"2640","11350"
"2682","11350"
"2764","11350"
"2776","11350"
"2967","11350"
"2990","11350"
"3067","11350"
"3232","11350"
"3816","11350"
"3994","11350"
"4146","11350"
"5760","11350"
"8114","11350"
"8115","11350"
"141","11380"
"208","11380"
"215","11380"
"286","11380"
"1362","11380"
"2543","11380"
"3996","11380"
"3997","11380"
"8117","11380"
"324","11410"
"808","11410"
"809","11410"
"810","11410"
"1002","11410"
"1361","11410"
"1857","11410"
"3146","11410"
"3601","11410"
"3813","11410"
"3995","11410"
"4932","11410"
"5064","11410"
"13","11440"
"194","11440"
"815","11440"
"818","11440"
"825","11440"
"1003","11440"
"1004","11440"
"1366","11440"
"1368","11440"
"1369","11440"
"1858","11440"
"1859","11440"
"1860","11440"
"1861","11440"
"2284","11440"
"2285","11440"
"2286","11440"
"2287","11440"
"2381","11440"
"2541","11440"
"2862","11440"
"2871","11440"
"3132","11440"
"3274","11440"
"3286","11440"
"4001","11440"
"4790","11440"
"4809","11440"
"4931","11440"
"8116","11440"
"17","11470"
"700","11470"
"703","11470"
"704","11470"
"706","11470"
"707","11470"
"928","11470"
"930","11470"
"2510","11470"
"2513","11470"
"2676","11470"
"2691","11470"
"2821","11470"
"2843","11470"
"2883","11470"
"3182","11470"
"3324","11470"
"3683","11470"
"4041","11470"
"4043","11470"
"4047","11470"
"4053","11470"
"4615","11470"
"5164","11470"
"8081","11470"
"393","11500"
"695","11500"
"696","11500"
"698","11500"
"699","11500"
"702","11500"
"705","11500"
"708","11500"
"709","11500"
"929","11500"
"1269","11500"
"2352","11500"
"2353","11500"
"2654","11500"
"2997","11500"
"3203","11500"
"3287","11500"
"3288","11500"
"3606","11500"
"3607","11500"
"4040","11500"
"4042","11500"
"4046","11500"
"4627","11500"
"217","11530"
"221","11530"
"395","11530"
"529","11530"
"729","11530"
"733","11530"
"735","11530"
"943","11530"
"1280","11530"
"1282","11530"
"1283","11530"
"1812","11530"
"2348","11530"
"2349","11530"
"2351","11530"
"2877","11530"
"2882","11530"
"2971","11530"
"3028","11530"
"3193","11530"
"3263","11530"
"3608","11530"
"4049","11530"
"4055","11530"
"4609","11530"
"4610","11530"
"218","11545"
"220","11545"
"2624","11545"
"3264","11545"
"5242","11545"
"6823","11545"
"18","11560"
"20","11560"
"21","11560"
"296","11560"
"530","11560"
"731","11560"
"732","11560"
"734","11560"
"940","11560"
"942","11560"
"2273","11560"
"2350","11560"
"2726","11560"
"2991","11560"
"3265","11560"
"3266","11560"
"3610","11560"
"4050","11560"
"4052","11560"
"4616","11560"
"5238","11560"
"5263","11560"
"5284","11560"
"5436","11560"
"5544","11560"
"5639","11560"
"5793","11560"
"8082","11560"
"8083","11560"
"342","11590"
"712","11590"
"713","11590"
"714","11590"
"931","11590"
"932","11590"
"934","11590"
"1271","11590"
"1273","11590"
"1274","11590"
"1277","11590"
"2274","11590"
"2275","11590"
"2636","11590"
"4044","11590"
"4525","11590"
"7601","11590"
"710","11620"
"711","11620"
"933","11620"
"936","11620"
"1270","11620"
"1272","11620"
"1275","11620"
"1276","11620"
"2617","11620"
"4048","11620"
"4054","11620"
"4524","11620"
"102","11650"
"325","11650"
"340","11650"
"527","11650"
"528","11650"
"715","11650"
"716","11650"
"717","11650"
"718","11650"
"720","11650"
"721","11650"
"722","11650"
"723","11650"
"724","11650"
"725","11650"
"726","11650"
"727","11650"
"728","11650"
"937","11650"
"938","11650"
"1278","11650"
"1279","11650"
"2052","11650"
"2355","11650"
"2356","11650"
"2512","11650"
"2675","11650"
"2717","11650"
"2962","11650"
"2981","11650"
"3150","11650"
"3151","11650"
"3194","11650"
"3338","11650"
"3681","11650"
"3682","11650"
"3767","11650"
"3850","11650"
"4056","11650"
"4057","11650"
"4058","11650"
"4059","11650"
"4613","11650"
"4617","11650"
"5178","11650"
"5182","11650"
"8084","11650"
"1","11680"
"336","11680"
"337","11680"
"531","11680"
"532","11680"
"736","11680"
"737","11680"
"738","11680"
"739","11680"
"740","11680"
"741","11680"
"742","11680"
"743","11680"
"944","11680"
"945","11680"
"946","11680"
"947","11680"
"948","11680"
"949","11680"
"950","11680"
"951","11680"
"952","11680"
"953","11680"
"954","11680"
"955","11680"
"1284","11680"
"1285","11680"
"1286","11680"
"1287","11680"
"1813","11680"
"1814","11680"
"1815","11680"
"1816","11680"
"1817","11680"
"2357","11680"
"2359","11680"
"2360","11680"
"2507","11680"
"2872","11680"
"2881","11680"
"2891","11680"
"2892","11680"
"2900","11680"
"2968","11680"
"2982","11680"
"3148","11680"
"3233","11680"
"3296","11680"
"3323","11680"
"3679","11680"
"3768","11680"
"5264","11680"
"108","11710"
"114","11710"
"222","11710"
"523","11710"
"524","11710"
"526","11710"
"680","11710"
"687","11710"
"688","11710"
"690","11710"
"691","11710"
"692","11710"
"926","11710"
"927","11710"
"1263","11710"
"1264","11710"
"1266","11710"
"1267","11710"
"1268","11710"
"1804","11710"
"1806","11710"
"1807","11710"
"2347","11710"
"2812","11710"
"2873","11710"
"2960","11710"
"3022","11710"
"3149","11710"
"3221","11710"
"3259","11710"
"3260","11710"
"3262","11710"
"3275","11710"
"3604","11710"
"3605","11710"
"3770","11710"
"3866","11710"
"4614","11710"
"5361","11710"
"16","11740"
"224","11740"
"225","11740"
"226","11740"
"520","11740"
"521","11740"
"689","11740"
"693","11740"
"925","11740"
"1265","11740"
"1799","11740"
"1800","11740"
"1802","11740"
"1803","11740"
"1808","11740"
"2271","11740"
"2345","11740"
"2346","11740"
"2623","11740"
"2685","11740"
"3181","11740"
"3247","11740"
"3603","11740"
"3680","11740"
"3769","11740"
"3896","11740"
"4045","11740"
"4628","11740"
"5353","11740"
"8080","11740"
"375","26110"
"4917","26110"
"5944","26110"
"72","26140"
"1133","26140"
"2709","26140"
"3893","26140"
"4918","26140"
"5309","26140"
"8112","26140"
"3071","26170"
"3074","26170"
"3075","26170"
"3983","26170"
"3984","26170"
"4817","26170"
"4884","26170"
"4885","26170"
"4933","26170"
"5306","26170"
"5307","26170"
"5308","26170"
"70","26200"
"2206","26200"
"3121","26200"
"5538","26200"
"8110","26200"
"68","26230"
"320","26230"
"518","26230"
"1700","26230"
"1702","26230"
"1703","26230"
"1975","26230"
"2710","26230"
"2742","26230"
"3120","26230"
"3528","26230"
"4881","26230"
"4882","26230"
"4883","26230"
"5619","26230"
"5621","26230"
"8108","26230"
"66","26260"
"372","26260"
"888","26260"
"1725","26260"
"1726","26260"
"1727","26260"
"1983","26260"
"5891","26260"
"6877","26260"
"1745","26290"
"1746","26290"
"2022","26290"
"2023","26290"
"2024","26290"
"2533","26290"
"3892","26290"
"3978","26290"
"4561","26290"
"4891","26290"
"4900","26290"
"5820","26290"
"6876","26290"
"377","26320"
"498","26320"
"1708","26320"
"1718","26320"
"1977","26320"
"1979","26320"
"2201","26320"
"2326","26320"
"4564","26320"
"4565","26320"
"4566","26320"
"4568","26320"
"4919","26320"
"5701","26320"
"5708","26320"
"65","26350"
"519","26350"
"1704","26350"
"1707","26350"
"2605","26350"
"2670","26350"
"3070","26350"
"3858","26350"
"3979","26350"
"3991","26350"
"4560","26350"
"4890","26350"
"4894","26350"
"4897","26350"
"4902","26350"
"4903","26350"
"5539","26350"
"5615","26350"
"5616","26350"
"5617","26350"
"5624","26350"
"5880","26350"
"8106","26350"
"896","26380"
"1709","26380"
"1710","26380"
"2532","26380"
"3982","26380"
"4567","26380"
"4916","26380"
"371","26410"
"373","26410"
"374","26410"
"886","26410"
"1723","26410"
"1724","26410"
"1728","26410"
"1981","26410"
"1982","26410"
"3113","26410"
"4562","26410"
"4823","26410"
"4824","26410"
"4825","26410"
"4888","26410"
"4912","26410"
"5375","26410"
"5611","26410"
"5612","26410"
"5614","26410"
"5862","26410"
"1747","26440"
"1748","26440"
"1749","26440"
"2423","26440"
"2534","26440"
"3462","26440"
"3463","26440"
"3464","26440"
"3808","26440"
"4574","26440"
"4922","26440"
"4923","26440"
"4924","26440"
"4925","26440"
"4926","26440"
"885","26470"
"1722","26470"
"1729","26470"
"1984","26470"
"1985","26470"
"2692","26470"
"2719","26470"
"2992","26470"
"3091","26470"
"4822","26470"
"5540","26470"
"3977","26500"
"4896","26500"
"4899","26500"
"4901","26500"
"5710","26500"
"160","26530"
"376","26530"
"1711","26530"
"1712","26530"
"1713","26530"
"1714","26530"
"1715","26530"
"1716","26530"
"1717","26530"
"1719","26530"
"1720","26530"
"1978","26530"
"3073","26530"
"3803","26530"
"3804","26530"
"3805","26530"
"3985","26530"
"4572","26530"
"4920","26530"
"5261","26530"
"278","26710"
"1743","26710"
"1744","26710"
"1992","26710"
"3087","26710"
"3092","26710"
"3114","26710"
"4569","26710"
"4570","26710"
"8104","26710"
"484","27110"
"639","27110"
"1101","27110"
"1596","27110"
"1600","27110"
"1687","27110"
"2189","27110"
"2419","27110"
"4863","27110"
"5266","27110"
"5267","27110"
"5271","27110"
"62","27140"
"234","27140"
"235","27140"
"481","27140"
"666","27140"
"1111","27140"
"1114","27140"
"1115","27140"
"1667","27140"
"1678","27140"
"1682","27140"
"1684","27140"
"1966","27140"
"2182","27140"
"2183","27140"
"2184","27140"
"2320","27140"
"2322","27140"
"2633","27140"
"3196","27140"
"3222","27140"
"3239","27140"
"3278","27140"
"3311","27140"
"3696","27140"
"4018","27140"
"4798","27140"
"5644","27140"
"156","27170"
"3698","27170"
"4005","27170"
"4022","27170"
"5873","27170"
"1613","27200"
"3776","27200"
"4857","27200"
"61","27230"
"230","27230"
"231","27230"
"401","27230"
"641","27230"
"1594","27230"
"1595","27230"
"1597","27230"
"1598","27230"
"1599","27230"
"1602","27230"
"2187","27230"
"2188","27230"
"2190","27230"
"2323","27230"
"2324","27230"
"2737","27230"
"3014","27230"
"3158","27230"
"3223","27230"
"3327","27230"
"3509","27230"
"3697","27230"
"3777","27230"
"3784","27230"
"3786","27230"
"3790","27230"
"4009","27230"
"4010","27230"
"4011","27230"
"4412","27230"
"4804","27230"
"4805","27230"
"4806","27230"
"4864","27230"
"232","27260"
"233","27260"
"236","27260"
"237","27260"
"334","27260"
"476","27260"
"477","27260"
"479","27260"
"480","27260"
"668","27260"
"669","27260"
"670","27260"
"671","27260"
"672","27260"
"675","27260"
"1666","27260"
"1669","27260"
"1672","27260"
"1674","27260"
"1675","27260"
"1676","27260"
"1679","27260"
"1681","27260"
"1968","27260"
"2321","27260"
"2898","27260"
"3631","27260"
"3775","27260"
"3789","27260"
"4007","27260"
"4799","27260"
"238","27290"
"239","27290"
"402","27290"
"471","27290"
"643","27290"
"644","27290"
"645","27290"
"657","27290"
"660","27290"
"661","27290"
"662","27290"
"663","27290"
"1102","27290"
"1107","27290"
"1614","27290"
"1615","27290"
"1616","27290"
"1617","27290"
"1618","27290"
"1620","27290"
"1639","27290"
"1640","27290"
"1644","27290"
"1651","27290"
"1654","27290"
"1658","27290"
"1659","27290"
"1960","27290"
"1961","27290"
"1964","27290"
"1965","27290"
"2319","27290"
"2417","27290"
"2736","27290"
"2757","27290"
"2861","27290"
"2973","27290"
"3004","27290"
"3173","27290"
"3343","27290"
"3475","27290"
"3772","27290"
"3774","27290"
"3780","27290"
"3782","27290"
"3783","27290"
"3870","27290"
"4416","27290"
"4851","27290"
"4852","27290"
"5545","27290"
"5769","27290"
"60","27710"
"240","27710"
"241","27710"
"470","27710"
"474","27710"
"475","27710"
"656","27710"
"664","27710"
"1657","27710"
"1660","27710"
"1661","27710"
"1662","27710"
"1664","27710"
"1963","27710"
"2181","27710"
"2416","27710"
"2418","27710"
"2514","27710"
"2769","27710"
"3010","27710"
"3779","27710"
"4014","27710"
"4024","27710"
"4025","27710"
"4028","27710"
"4413","27710"
"4433","27710"
"4800","27710"
"4856","27710"
"5260","27710"
"5311","27710"
"5312","27710"
"5723","27710"
"5822","27710"
"5831","27710"
"5832","27710"
"5833","27710"
"5834","27710"
"5872","27710"
"8088","27710"
"606","28110"
"1039","28110"
"1040","28110"
"1041","28110"
"1439","28110"
"1440","28110"
"2555","28110"
"2644","28110"
"2733","28110"
"3099","28110"
"3662","28110"
"3821","28110"
"4088","28110"
"4133","28110"
"4515","28110"
"4516","28110"
"5218","28110"
"5423","28110"
"5623","28110"
"1429","28140"
"1431","28140"
"1432","28140"
"1433","28140"
"2080","28140"
"2556","28140"
"41","28170"
"605","28170"
"607","28170"
"1037","28170"
"1430","28170"
"1434","28170"
"1874","28170"
"1875","28170"
"2081","28170"
"2699","28170"
"3940","28170"
"4644","28170"
"5217","28170"
"5399","28170"
"5818","28170"
"8124","28170"
"38","28185"
"599","28185"
"600","28185"
"601","28185"
"1023","28185"
"1024","28185"
"1025","28185"
"1378","28185"
"1380","28185"
"1384","28185"
"1385","28185"
"1387","28185"
"1388","28185"
"1389","28185"
"1390","28185"
"1391","28185"
"1392","28185"
"1393","28185"
"2386","28185"
"2387","28185"
"2553","28185"
"2554","28185"
"2714","28185"
"2809","28185"
"2867","28185"
"3107","28185"
"3660","28185"
"3661","28185"
"4078","28185"
"4087","28185"
"4390","28185"
"4391","28185"
"4517","28185"
"4596","28185"
"5295","28185"
"5298","28185"
"5299","28185"
"5635","28185"
"8120","28185"
"261","28200"
"1026","28200"
"1379","28200"
"1382","28200"
"1394","28200"
"1865","28200"
"2290","28200"
"2291","28200"
"2650","28200"
"2673","28200"
"3304","28200"
"3349","28200"
"3350","28200"
"3658","28200"
"3659","28200"
"4079","28200"
"4082","28200"
"4112","28200"
"4595","28200"
"5293","28200"
"5294","28200"
"5296","28200"
"5297","28200"
"5300","28200"
"5795","28200"
"5796","28200"
"5797","28200"
"6830","28200"
"40","28237"
"297","28237"
"598","28237"
"1021","28237"
"1022","28237"
"1375","28237"
"2071","28237"
"2072","28237"
"2384","28237"
"2552","28237"
"3062","28237"
"3823","28237"
"5162","28237"
"5163","28237"
"5565","28237"
"5863","28237"
"6818","28237"
"8122","28237"
"8123","28237"
"1376","28245"
"1377","28245"
"2551","28245"
"3820","28245"
"3972","28245"
"5080","28245"
"5081","28245"
"5161","28245"
"5550","28245"
"5564","28245"
"6798","28245"
"608","28260"
"609","28260"
"610","28260"
"1038","28260"
"1420","28260"
"1422","28260"
"1423","28260"
"1424","28260"
"1425","28260"
"1435","28260"
"1436","28260"
"1438","28260"
"2390","28260"
"2643","28260"
"2679","28260"
"2688","28260"
"2760","28260"
"2849","28260"
"2890","28260"
"2958","28260"
"2989","28260"
"3939","28260"
"4509","28260"
"4599","28260"
"5193","28260"
"5196","28260"
"5199","28260"
"5200","28260"
"5277","28260"
"5310","28260"
"5867","28260"
"264","28710"
"2073","28710"
"2074","28710"
"3103","28710"
"3106","28710"
"4580","28710"
"4581","28710"
"4582","28710"
"4583","28710"
"4584","28710"
"4585","28710"
"5183","28710"
"5184","28710"
"5185","28710"
"5186","28710"
"5187","28710"
"5374","28710"
"5634","28710"
"3739","28720"
"4710","28720"
"352","29110"
"870","29110"
"3155","29110"
"3208","29110"
"3237","29110"
"3878","29110"
"4439","29110"
"4946","29110"
"4953","29110"
"99","29140"
"244","29140"
"319","29140"
"354","29140"
"629","29140"
"2408","29140"
"2704","29140"
"2901","29140"
"3133","29140"
"3184","29140"
"3209","29140"
"3298","29140"
"3356","29140"
"3533","29140"
"3692","29140"
"4445","29140"
"4718","29140"
"5061","29140"
"5065","29140"
"5067","29140"
"5435","29140"
"5438","29140"
"8075","29140"
"8076","29140"
"246","29155"
"247","29155"
"355","29155"
"1576","29155"
"1578","29155"
"3276","29155"
"4443","29155"
"4444","29155"
"7342","29155"
"92","29170"
"350","29170"
"351","29170"
"1579","29170"
"1580","29170"
"1933","29170"
"2238","29170"
"2316","29170"
"2414","29170"
"2415","29170"
"2954","29170"
"3340","29170"
"3531","29170"
"3876","29170"
"4039","29170"
"4281","29170"
"4282","29170"
"4626","29170"
"4947","29170"
"4948","29170"
"4949","29170"
"4950","29170"
"4951","29170"
"4952","29170"
"5549","29170"
"90","29200"
"249","29200"
"250","29200"
"251","29200"
"252","29200"
"353","29200"
"631","29200"
"632","29200"
"871","29200"
"872","29200"
"873","29200"
"1092","29200"
"1581","29200"
"1934","29200"
"1936","29200"
"1938","29200"
"1939","29200"
"2143","29200"
"2310","29200"
"2853","29200"
"2963","29200"
"3207","29200"
"3250","29200"
"3309","29200"
"3326","29200"
"3625","29200"
"3627","29200"
"3763","29200"
"3943","29200"
"3944","29200"
"4287","29200"
"4513","29200"
"4514","29200"
"5021","29200"
"5022","29200"
"5023","29200"
"5024","29200"
"8067","29200"
"46","30110"
"443","30110"
"613","30110"
"614","30110"
"1499","30110"
"2127","30110"
"4038","30110"
"4369","30110"
"4904","30110"
"5016","30110"
"5712","30110"
"852","30140"
"1497","30140"
"1498","30140"
"2128","30140"
"2234","30140"
"2701","30140"
"2702","30140"
"3331","30140"
"3345","30140"
"4205","30140"
"4278","30140"
"4370","30140"
"4550","30140"
"4551","30140"
"5015","30140"
"6831","30140"
"6996","30140"
"47","30170"
"446","30170"
"448","30170"
"626","30170"
"866","30170"
"1082","30170"
"1525","30170"
"1529","30170"
"1530","30170"
"1531","30170"
"1533","30170"
"1534","30170"
"1538","30170"
"1539","30170"
"1912","30170"
"1913","30170"
"1914","30170"
"1917","30170"
"1919","30170"
"2260","30170"
"2337","30170"
"2338","30170"
"2647","30170"
"2728","30170"
"2743","30170"
"2803","30170"
"2838","30170"
"2889","30170"
"3198","30170"
"3280","30170"
"3791","30170"
"3800","30170"
"4166","30170"
"4192","30170"
"4194","30170"
"4195","30170"
"5049","30170"
"5053","30170"
"5219","30170"
"5220","30170"
"5791","30170"
"5842","30170"
"8097","30170"
"2","30200"
"445","30200"
"447","30200"
"488","30200"
"489","30200"
"490","30200"
"622","30200"
"623","30200"
"624","30200"
"625","30200"
"1077","30200"
"1079","30200"
"1084","30200"
"1526","30200"
"1528","30200"
"1532","30200"
"1535","30200"
"1536","30200"
"1537","30200"
"1540","30200"
"1915","30200"
"1918","30200"
"2339","30200"
"2664","30200"
"2705","30200"
"2729","30200"
"2779","30200"
"3163","30200"
"3175","30200"
"3240","30200"
"3241","30200"
"3312","30200"
"3699","30200"
"3795","30200"
"3796","30200"
"3797","30200"
"3798","30200"
"4116","30200"
"4546","30200"
"5033","30200"
"5034","30200"
"5035","30200"
"5036","30200"
"5037","30200"
"5038","30200"
"5071","30200"
"5072","30200"
"5224","30200"
"5225","30200"
"5226","30200"
"5228","30200"
"5546","30200"
"5717","30200"
"444","30230"
"1501","30230"
"4540","30230"
"4543","30230"
"5073","30230"
"5075","30230"
"5227","30230"
"889","31110"
"1730","31110"
"1733","31110"
"2604","31110"
"2854","31110"
"5676","31110"
"71","31140"
"367","31140"
"368","31140"
"504","31140"
"1116","31140"
"1119","31140"
"1732","31140"
"1988","31140"
"2536","31140"
"2646","31140"
"2748","31140"
"3801","31140"
"3854","31140"
"8111","31140"
"378","31170"
"3980","31170"
"4563","31170"
"5305","31170"
"6878","31170"
"67","31200"
"1990","31200"
"2535","31200"
"2662","31200"
"2720","31200"
"3096","31200"
"3988","31200"
"4921","31200"
"5713","31200"
"5714","31200"
"5884","31200"
"5885","31200"
"5886","31200"
"5887","31200"
"8107","31200"
"69","31710"
"369","31710"
"379","31710"
"1118","31710"
"1731","31710"
"2632","31710"
"2778","31710"
"2817","31710"
"3115","31710"
"3118","31710"
"3119","31710"
"3510","31710"
"3806","31710"
"3981","31710"
"4571","31710"
"4886","31710"
"4928","31710"
"4929","31710"
"4930","31710"
"5347","31710"
"491","36110"
"492","36110"
"493","36110"
"494","36110"
"495","36110"
"496","36110"
"855","36110"
"856","36110"
"857","36110"
"858","36110"
"859","36110"
"860","36110"
"861","36110"
"863","36110"
"864","36110"
"1074","36110"
"1076","36110"
"1509","36110"
"1510","36110"
"1511","36110"
"1512","36110"
"1900","36110"
"1905","36110"
"1906","36110"
"1907","36110"
"2400","36110"
"2401","36110"
"2524","36110"
"2525","36110"
"2602","36110"
"2603","36110"
"2658","36110"
"2677","36110"
"2695","36110"
"2780","36110"
"2784","36110"
"2798","36110"
"2802","36110"
"2806","36110"
"2840","36110"
"2846","36110"
"2855","36110"
"2885","36110"
"2905","36110"
"2974","36110"
"2979","36110"
"3064","36110"
"3065","36110"
"3105","36110"
"3108","36110"
"3176","36110"
"3212","36110"
"3253","36110"
"3254","36110"
"3281","36110"
"3332","36110"
"3346","36110"
"3877","36110"
"4074","36110"
"4250","36110"
"4575","36110"
"4576","36110"
"4577","36110"
"5008","36110"
"5009","36110"
"5221","36110"
"5222","36110"
"5223","36110"
"5638","36110"
"5693","36110"
"5725","36110"
"550","41110"
"754","41110"
"965","41110"
"1305","41110"
"1307","41110"
"4089","41110"
"4636","41110"
"4637","41110"
"5169","41110"
"24","41111"
"568","41111"
"569","41111"
"973","41111"
"974","41111"
"975","41111"
"1341","41111"
"1343","41111"
"1840","41111"
"2598","41111"
"2753","41111"
"3205","41111"
"5160","41111"
"8033","41111"
"22","41113"
"227","41113"
"961","41113"
"962","41113"
"3726","41113"
"4726","41113"
"5166","41113"
"8031","41113"
"305","41115"
"549","41115"
"551","41115"
"552","41115"
"554","41115"
"555","41115"
"556","41115"
"752","41115"
"753","41115"
"755","41115"
"756","41115"
"957","41115"
"958","41115"
"959","41115"
"960","41115"
"1298","41115"
"1299","41115"
"1300","41115"
"1301","41115"
"1304","41115"
"1306","41115"
"1819","41115"
"2054","41115"
"2686","41115"
"2917","41115"
"3897","41115"
"8032","41115"
"25","41130"
"747","41130"
"1291","41130"
"1292","41130"
"2276","41130"
"2937","41130"
"2938","41130"
"3369","41130"
"3501","41130"
"3741","41130"
"3742","41130"
"4101","41130"
"5276","41130"
"536","41131"
"1288","41131"
"1290","41131"
"5272","41131"
"5274","41131"
"5275","41131"
"534","41133"
"535","41133"
"537","41133"
"538","41133"
"744","41133"
"745","41133"
"746","41133"
"1289","41133"
"2824","41133"
"3044","41133"
"3045","41133"
"3613","41133"
"3614","41133"
"3615","41133"
"4100","41133"
"5159","41133"
"5273","41133"
"5778","41133"
"5779","41133"
"298","41150"
"907","41150"
"1224","41150"
"1793","41150"
"2341","41150"
"2342","41150"
"2763","41150"
"2842","41150"
"2876","41150"
"3013","41150"
"3142","41150"
"3322","41150"
"3416","41150"
"3431","41150"
"3704","41150"
"3744","41150"
"3857","41150"
"4134","41150"
"4905","41150"
"4906","41150"
"4907","41150"
"4908","41150"
"4909","41150"
"5278","41150"
"5279","41150"
"5280","41150"
"5281","41150"
"5409","41150"
"5410","41150"
"5736","41150"
"8041","41150"
"9826","41150"
"10027","41150"
"1318","41170"
"1322","41170"
"1323","41170"
"4093","41170"
"5390","41170"
"27","41171"
"760","41171"
"1317","41171"
"1324","41171"
"1325","41171"
"2363","41171"
"2931","41171"
"3354","41171"
"4091","41171"
"4648","41171"
"5025","41171"
"5026","41171"
"5031","41171"
"5389","41171"
"39","41190"
"1034","41190"
"1035","41190"
"1414","41190"
"1415","41190"
"1416","41190"
"1426","41190"
"1872","41190"
"3305","41190"
"3351","41190"
"3656","41190"
"3657","41190"
"3705","41190"
"3706","41190"
"3822","41190"
"5195","41190"
"5648","41190"
"8121","41190"
"143","41210"
"749","41210"
"750","41210"
"751","41210"
"1297","41210"
"4592","41210"
"4602","41210"
"4603","41210"
"5835","41210"
"31","41220"
"557","41220"
"1308","41220"
"1309","41220"
"1311","41220"
"1312","41220"
"1313","41220"
"1821","41220"
"1822","41220"
"1823","41220"
"1824","41220"
"1825","41220"
"2361","41220"
"2362","41220"
"2933","41220"
"3686","41220"
"3971","41220"
"4075","41220"
"4076","41220"
"4709","41220"
"5188","41220"
"5301","41220"
"302","41250"
"686","41250"
"1228","41250"
"2638","41250"
"2772","41250"
"2781","41250"
"4273","41250"
"4274","41250"
"4275","41250"
"4623","41250"
"1828","41270"
"2277","41270"
"2278","41270"
"2919","41270"
"3737","41270"
"5018","41270"
"5427","41270"
"5837","41270"
"5839","41270"
"26","41271"
"1314","41271"
"1315","41271"
"1316","41271"
"1826","41271"
"1827","41271"
"2279","41271"
"2668","41271"
"3502","41271"
"3616","41271"
"3685","41271"
"5838","41271"
"451","41280"
"919","41280"
"1236","41280"
"1245","41280"
"1250","41280"
"2042","41280"
"2043","41280"
"2046","41280"
"2264","41280"
"2671","41280"
"2948","41280"
"3057","41280"
"3166","41280"
"34","41281"
"452","41281"
"913","41281"
"914","41281"
"917","41281"
"918","41281"
"1239","41281"
"1246","41281"
"2041","41281"
"2262","41281"
"2706","41281"
"2771","41281"
"2955","41281"
"3348","41281"
"4255","41281"
"4256","41281"
"5170","41281"
"5875","41281"
"5876","41281"
"8042","41281"
"106","41285"
"450","41285"
"911","41285"
"915","41285"
"916","41285"
"1233","41285"
"1234","41285"
"1237","41285"
"1240","41285"
"1241","41285"
"1242","41285"
"1243","41285"
"1247","41285"
"1248","41285"
"1251","41285"
"1252","41285"
"1253","41285"
"1797","41285"
"1798","41285"
"2044","41285"
"2263","41285"
"2344","41285"
"2739","41285"
"3047","41285"
"3649","41285"
"3650","41285"
"4248","41285"
"4441","41285"
"4729","41285"
"4730","41285"
"4051","41290"
"5172","41290"
"5173","41290"
"5175","41290"
"5176","41290"
"5179","41290"
"5181","41290"
"5798","41290"
"8591","41290"
"35","41310"
"389","41310"
"681","41310"
"1789","41310"
"3504","41310"
"3651","41310"
"4500","41310"
"5412","41310"
"5413","41310"
"5434","41310"
"5568","41310"
"5569","41310"
"5758","41310"
"454","41360"
"455","41360"
"682","41360"
"683","41360"
"920","41360"
"922","41360"
"924","41360"
"1221","41360"
"1222","41360"
"1223","41360"
"1254","41360"
"1255","41360"
"1256","41360"
"1258","41360"
"1259","41360"
"1260","41360"
"1261","41360"
"1791","41360"
"2029","41360"
"2237","41360"
"2267","41360"
"2268","41360"
"2340","41360"
"2687","41360"
"2697","41360"
"2698","41360"
"2713","41360"
"2721","41360"
"2730","41360"
"2790","41360"
"2848","41360"
"2874","41360"
"2965","41360"
"2987","41360"
"3364","41360"
"3365","41360"
"3652","41360"
"3653","41360"
"3654","41360"
"3895","41360"
"4106","41360"
"4107","41360"
"4251","41360"
"4442","41360"
"4499","41360"
"5357","41360"
"5358","41360"
"5359","41360"
"5360","41360"
"5387","41360"
"5388","41360"
"5396","41360"
"5397","41360"
"5398","41360"
"5602","41360"
"8043","41360"
"28","41370"
"764","41370"
"768","41370"
"2367","41370"
"2785","41370"
"3618","41370"
"4031","41370"
"4526","41370"
"4586","41370"
"4587","41370"
"4588","41370"
"4589","41370"
"4590","41370"
"4591","41370"
"8036","41370"
"8685","41370"
"603","41390"
"1027","41390"
"1029","41390"
"1395","41390"
"1396","41390"
"1398","41390"
"1399","41390"
"1401","41390"
"1867","41390"
"2075","41390"
"2076","41390"
"2292","41390"
"2293","41390"
"2389","41390"
"2672","41390"
"2799","41390"
"2857","41390"
"2866","41390"
"2886","41390"
"2978","41390"
"2993","41390"
"3061","41390"
"3202","41390"
"3314","41390"
"3707","41390"
"3824","41390"
"759","41410"
"1830","41410"
"4092","41410"
"5570","41410"
"23","41430"
"761","41430"
"1832","41430"
"4520","41430"
"4521","41430"
"4522","41430"
"4797","41430"
"5032","41430"
"5426","41430"
"32","41450"
"539","41450"
"540","41450"
"541","41450"
"542","41450"
"543","41450"
"544","41450"
"545","41450"
"546","41450"
"748","41450"
"956","41450"
"1293","41450"
"1294","41450"
"1295","41450"
"1296","41450"
"1818","41450"
"2708","41450"
"2747","41450"
"2755","41450"
"2927","41450"
"2934","41450"
"3154","41450"
"3236","41450"
"3308","41450"
"3355","41450"
"3622","41450"
"3687","41450"
"3688","41450"
"3855","41450"
"4062","41450"
"4063","41450"
"4064","41450"
"5843","41450"
"8038","41450"
"29","41460"
"558","41460"
"559","41460"
"968","41460"
"969","41460"
"1326","41460"
"1327","41460"
"1328","41460"
"1833","41460"
"1834","41460"
"2061","41460"
"2450","41460"
"2451","41460"
"2452","41460"
"2453","41460"
"2454","41460"
"2455","41460"
"2456","41460"
"2457","41460"
"2606","41460"
"2833","41460"
"3503","41460"
"4608","41460"
"4795","41460"
"4887","41460"
"5066","41460"
"5197","41460"
"5428","41460"
"5429","41460"
"5597","41460"
"571","41461"
"573","41461"
"575","41461"
"577","41461"
"775","41461"
"776","41461"
"777","41461"
"778","41461"
"779","41461"
"783","41461"
"1344","41461"
"1345","41461"
"1346","41461"
"1348","41461"
"1843","41461"
"1848","41461"
"2068","41461"
"2282","41461"
"2371","41461"
"2372","41461"
"2377","41461"
"2459","41461"
"2460","41461"
"2461","41461"
"2630","41461"
"2637","41461"
"2920","41461"
"2921","41461"
"2922","41461"
"2932","41461"
"3153","41461"
"3325","41461"
"3620","41461"
"3621","41461"
"572","41463"
"780","41463"
"781","41463"
"784","41463"
"977","41463"
"1347","41463"
"1845","41463"
"1846","41463"
"2281","41463"
"2373","41463"
"2374","41463"
"2375","41463"
"2376","41463"
"2462","41463"
"2463","41463"
"2625","41463"
"2629","41463"
"2631","41463"
"2740","41463"
"2777","41463"
"2795","41463"
"2826","41463"
"2827","41463"
"2828","41463"
"2829","41463"
"2923","41463"
"2926","41463"
"3619","41463"
"3851","41463"
"3899","41463"
"4767","41463"
"4768","41463"
"37","41480"
"457","41480"
"458","41480"
"909","41480"
"910","41480"
"1230","41480"
"1231","41480"
"1232","41480"
"1796","41480"
"2642","41480"
"2649","41480"
"2856","41480"
"2865","41480"
"2907","41480"
"3049","41480"
"3432","41480"
"3451","41480"
"3745","41480"
"3869","41480"
"4140","41480"
"4618","41480"
"5171","41480"
"5174","41480"
"5180","41480"
"5853","41480"
"5856","41480"
"5877","41480"
"30","41500"
"398","41500"
"560","41500"
"1835","41500"
"3317","41500"
"4139","41500"
"5019","41500"
"5020","41500"
"5424","41500"
"8037","41500"
"145","41550"
"762","41550"
"763","41550"
"2062","41550"
"2365","41550"
"3370","41550"
"3617","41550"
"5391","41550"
"8034","41550"
"505","41570"
"506","41570"
"507","41570"
"508","41570"
"839","41570"
"840","41570"
"841","41570"
"842","41570"
"843","41570"
"844","41570"
"1030","41570"
"1032","41570"
"1033","41570"
"1402","41570"
"1403","41570"
"1404","41570"
"1405","41570"
"1406","41570"
"1407","41570"
"1408","41570"
"1409","41570"
"1410","41570"
"1411","41570"
"1412","41570"
"1868","41570"
"1869","41570"
"1870","41570"
"1871","41570"
"2026","41570"
"2077","41570"
"2079","41570"
"2294","41570"
"2731","41570"
"2732","41570"
"2751","41570"
"2870","41570"
"2903","41570"
"2966","41570"
"3104","41570"
"3167","41570"
"3168","41570"
"3229","41570"
"3655","41570"
"3817","41570"
"3818","41570"
"3819","41570"
"3865","41570"
"4462","41570"
"4463","41570"
"4466","41570"
"4467","41570"
"5548","41570"
"5571","41570"
"5733","41570"
"5761","41570"
"5762","41570"
"5763","41570"
"304","41590"
"562","41590"
"566","41590"
"567","41590"
"570","41590"
"765","41590"
"770","41590"
"771","41590"
"772","41590"
"773","41590"
"774","41590"
"970","41590"
"971","41590"
"972","41590"
"1329","41590"
"1330","41590"
"1331","41590"
"1339","41590"
"1342","41590"
"1839","41590"
"1842","41590"
"2064","41590"
"2240","41590"
"2280","41590"
"2366","41590"
"2368","41590"
"2645","41590"
"2727","41590"
"2830","41590"
"2831","41590"
"2832","41590"
"2928","41590"
"2929","41590"
"2935","41590"
"3248","41590"
"3249","41590"
"3297","41590"
"3339","41590"
"3689","41590"
"3729","41590"
"3730","41590"
"3731","41590"
"3732","41590"
"3733","41590"
"3734","41590"
"3735","41590"
"3736","41590"
"3738","41590"
"3743","41590"
"4032","41590"
"4033","41590"
"4034","41590"
"4036","41590"
"4037","41590"
"4081","41590"
"4691","41590"
"4708","41590"
"4711","41590"
"4791","41590"
"5554","41590"
"8039","41590"
"144","41610"
"1333","41610"
"1334","41610"
"1338","41610"
"1838","41610"
"2369","41610"
"2930","41610"
"3195","41610"
"3204","41610"
"3611","41610"
"3612","41610"
"3684","41610"
"3727","41610"
"3728","41610"
"4147","41610"
"4632","41610"
"4638","41610"
"4682","41610"
"5262","41610"
"5285","41610"
"5286","41610"
"5416","41610"
"5417","41610"
"5523","41610"
"390","41630"
"391","41630"
"684","41630"
"685","41630"
"1225","41630"
"1227","41630"
"1229","41630"
"2032","41630"
"2033","41630"
"2261","41630"
"2773","41630"
"2782","41630"
"2791","41630"
"4135","41630"
"4136","41630"
"4272","41630"
"4624","41630"
"4625","41630"
"4910","41630"
"4911","41630"
"5282","41630"
"5406","41630"
"5431","41630"
"300","41650"
"2034","41650"
"3384","41650"
"3395","41650"
"5432","41650"
"5433","41650"
"8045","41650"
"146","41670"
"347","41670"
"769","41670"
"1332","41670"
"4598","41670"
"4713","41670"
"4715","41670"
"4716","41670"
"4719","41670"
"4954","41670"
"4955","41670"
"4956","41670"
"4957","41670"
"4961","41670"
"4962","41670"
"5430","41670"
"5629","41670"
"8035","41670"
"2036","41800"
"3415","41800"
"4619","41800"
"4620","41800"
"4621","41800"
"4622","41800"
"4631","41800"
"5392","41800"
"5393","41800"
"5394","41800"
"303","41820"
"2047","41820"
"2049","41820"
"4530","41820"
"4532","41820"
"4643","41820"
"5400","41820"
"5401","41820"
"5402","41820"
"8040","41820"
"301","41830"
"1220","41830"
"2027","41830"
"4108","41830"
"4395","41830"
"5878","41830"
"8014","41830"
"8044","41830"
"511","43110"
"1060","43110"
"1479","43110"
"1488","43110"
"1490","43110"
"1890","43110"
"2397","43110"
"2573","43110"
"2715","43110"
"3220","43110"
"3847","43110"
"4456","43110"
"5030","43110"
"5755","43110"
"7058","43110"
"54","43111"
"513","43111"
"514","43111"
"515","43111"
"516","43111"
"1053","43111"
"1057","43111"
"1467","43111"
"1468","43111"
"1470","43111"
"1471","43111"
"1474","43111"
"1475","43111"
"1884","43111"
"1885","43111"
"1886","43111"
"2117","43111"
"2716","43111"
"3245","43111"
"3409","43111"
"3508","43111"
"4819","43111"
"5750","43111"
"121","43112"
"512","43112"
"1054","43112"
"1055","43112"
"1056","43112"
"1465","43112"
"1466","43112"
"1473","43112"
"1476","43112"
"2301","43112"
"2586","43112"
"2752","43112"
"3844","43112"
"4121","43112"
"4127","43112"
"4128","43112"
"4129","43112"
"5566","43112"
"7076","43112"
"153","43113"
"1058","43113"
"1059","43113"
"1061","43113"
"1062","43113"
"1480","43113"
"1482","43113"
"1483","43113"
"1484","43113"
"1487","43113"
"1489","43113"
"1888","43113"
"2432","43113"
"2572","43113"
"2574","43113"
"2666","43113"
"2959","43113"
"4130","43113"
"4131","43113"
"4457","43113"
"5027","43113"
"5039","43113"
"8137","43113"
"51","43130"
"55","43130"
"1891","43130"
"1892","43130"
"2119","43130"
"2254","43130"
"2304","43130"
"2585","43130"
"2591","43130"
"3285","43130"
"3306","43130"
"3375","43130"
"3397","43130"
"3408","43130"
"3410","43130"
"3711","43130"
"3845","43130"
"4126","43130"
"4460","43130"
"4464","43130"
"4465","43130"
"4941","43130"
"4942","43130"
"4943","43130"
"4944","43130"
"4945","43130"
"5330","43130"
"5595","43130"
"5596","43130"
"5756","43130"
"8143","43130"
"53","43150"
"850","43150"
"1064","43150"
"1494","43150"
"1895","43150"
"2120","43150"
"2121","43150"
"3846","43150"
"4124","43150"
"4454","43150"
"4758","43150"
"5000","43150"
"5751","43150"
"8140","43150"
"152","43720"
"1477","43720"
"2575","43720"
"2576","43720"
"3407","43720"
"3520","43720"
"4455","43720"
"4992","43720"
"5630","43720"
"5752","43720"
"2577","43730"
"2578","43730"
"2587","43730"
"2593","43730"
"3336","43730"
"3398","43730"
"4983","43730"
"4984","43730"
"4985","43730"
"5799","43730"
"7061","43730"
"52","43740"
"851","43740"
"3670","43740"
"4452","43740"
"5029","43740"
"8138","43740"
"306","43745"
"1491","43745"
"2581","43745"
"2590","43745"
"3452","43745"
"4451","43745"
"8141","43745"
"155","43750"
"612","43750"
"849","43750"
"1887","43750"
"2300","43750"
"2583","43750"
"2584","43750"
"2594","43750"
"2957","43750"
"3388","43750"
"3389","43750"
"3469","43750"
"3672","43750"
"4453","43750"
"4459","43750"
"4988","43750"
"4989","43750"
"4990","43750"
"4991","43750"
"8142","43750"
"2588","43760"
"3841","43760"
"4122","43760"
"4759","43760"
"4987","43760"
"307","43770"
"848","43770"
"1063","43770"
"1478","43770"
"1492","43770"
"1493","43770"
"2114","43770"
"2579","43770"
"2589","43770"
"3710","43770"
"4125","43770"
"4450","43770"
"4458","43770"
"5329","43770"
"5753","43770"
"8139","43770"
"1495","43800"
"2570","43800"
"2571","43800"
"2592","43800"
"4123","43800"
"5028","43800"
"5040","43800"
"618","44130"
"1502","44130"
"1503","44130"
"4384","44130"
"4385","44130"
"4386","44130"
"4387","44130"
"4388","44130"
"4447","44130"
"4789","44130"
"5046","44130"
"5048","44130"
"5810","44130"
"8101","44130"
"50","44131"
"497","44131"
"616","44131"
"619","44131"
"1069","44131"
"1070","44131"
"2941","44131"
"3507","44131"
"3635","44131"
"4361","44131"
"4383","44131"
"4448","44131"
"4449","44131"
"150","44150"
"1514","44150"
"3792","44150"
"3793","44150"
"4149","44150"
"4545","44150"
"4553","44150"
"4554","44150"
"4555","44150"
"4556","44150"
"4557","44150"
"4980","44150"
"4981","44150"
"4982","44150"
"8092","44150"
"309","44180"
"486","44180"
"487","44180"
"3255","44180"
"4371","44180"
"4377","44180"
"5047","44180"
"5078","44180"
"8095","44180"
"308","44200"
"1071","44200"
"1072","44200"
"1506","44200"
"2122","44200"
"2123","44200"
"2634","44200"
"2975","44200"
"3094","44200"
"3097","44200"
"3164","44200"
"3242","44200"
"3794","44200"
"4242","44200"
"4372","44200"
"4963","44200"
"4964","44200"
"4966","44200"
"4967","44200"
"4968","44200"
"4969","44200"
"8099","44200"
"151","44210"
"1523","44210"
"2305","44210"
"2788","44210"
"2823","44210"
"2845","44210"
"3000","44210"
"3002","44210"
"5633","44210"
"8098","44210"
"854","44230"
"1507","44230"
"1899","44230"
"2235","44230"
"2398","44230"
"3453","44230"
"3633","44230"
"3634","44230"
"3700","44230"
"4077","44230"
"4537","44230"
"4538","44230"
"4539","44230"
"4541","44230"
"4542","44230"
"4544","44230"
"4547","44230"
"4548","44230"
"4779","44230"
"4780","44230"
"4999","44230"
"5002","44230"
"5003","44230"
"5844","44230"
"5854","44230"
"1916","44250"
"5050","44250"
"5051","44250"
"5052","44250"
"45","44270"
"442","44270"
"485","44270"
"620","44270"
"1517","44270"
"1518","44270"
"1519","44270"
"1520","44270"
"1522","44270"
"1909","44270"
"1910","44270"
"2125","44270"
"3085","44270"
"3086","44270"
"3199","44270"
"3359","44270"
"3419","44270"
"4071","44270"
"4072","44270"
"4073","44270"
"4243","44270"
"4673","44270"
"4683","44270"
"4973","44270"
"4974","44270"
"4975","44270"
"4978","44270"
"4979","44270"
"8094","44270"
"313","44710"
"1908","44710"
"2523","44710"
"4161","44710"
"4552","44710"
"4939","44710"
"4940","44710"
"8093","44710"
"615","44760"
"3098","44760"
"4065","44760"
"4231","44760"
"4367","44760"
"4368","44760"
"4765","44760"
"4993","44760"
"4994","44760"
"4995","44760"
"4996","44760"
"4997","44760"
"4998","44760"
"8096","44760"
"48","44770"
"3506","44770"
"4069","44770"
"4163","44770"
"4164","44770"
"4165","44770"
"4511","44770"
"5054","44770"
"5055","44770"
"5056","44770"
"5123","44770"
"3550","44780"
"3702","44780"
"4359","44780"
"4360","44780"
"5043","44780"
"5044","44780"
"312","44790"
"1066","44790"
"1896","44790"
"1897","44790"
"2528","44790"
"2529","44790"
"2530","44790"
"3046","44790"
"3799","44790"
"4232","44790"
"4233","44790"
"4558","44790"
"4965","44790"
"6959","44790"
"8103","44790"
"310","44800"
"4534","44800"
"4535","44800"
"4536","44800"
"5001","44800"
"5041","44800"
"5042","44800"
"5045","44800"
"8100","44800"
"311","44810"
"865","44810"
"1524","44810"
"2126","44810"
"2526","44810"
"2601","44810"
"3102","44810"
"3376","44810"
"5074","44810"
"5076","44810"
"5077","44810"
"8102","44810"
"96","46110"
"633","46110"
"874","46110"
"1093","46110"
"1582","46110"
"1583","46110"
"1584","46110"
"2144","46110"
"2145","46110"
"2487","46110"
"2488","46110"
"2489","46110"
"2490","46110"
"2491","46110"
"2492","46110"
"2493","46110"
"2494","46110"
"2495","46110"
"2767","46110"
"2896","46110"
"3003","46110"
"3007","46110"
"3186","46110"
"3693","46110"
"3694","46110"
"3695","46110"
"3757","46110"
"3758","46110"
"3759","46110"
"4002","46110"
"4519","46110"
"4533","46110"
"5331","46110"
"5332","46110"
"5333","46110"
"5334","46110"
"8072","46110"
"170","46130"
"349","46130"
"878","46130"
"880","46130"
"1591","46130"
"1945","46130"
"2150","46130"
"2151","46130"
"2152","46130"
"2153","46130"
"2154","46130"
"2155","46130"
"2156","46130"
"2158","46130"
"2159","46130"
"2756","46130"
"3172","46130"
"3436","46130"
"3437","46130"
"3454","46130"
"3470","46130"
"4104","46130"
"5354","46130"
"5355","46130"
"5356","46130"
"100","46150"
"1944","46150"
"2147","46150"
"2411","46150"
"2412","46150"
"2413","46150"
"2496","46150"
"2497","46150"
"2499","46150"
"2500","46150"
"2501","46150"
"2502","46150"
"2700","46150"
"3290","46150"
"3377","46150"
"3420","46150"
"3438","46150"
"3761","46150"
"4363","46150"
"4489","46150"
"4490","46150"
"5265","46150"
"5268","46150"
"5269","46150"
"5270","46150"
"5315","46150"
"5789","46150"
"5790","46150"
"8077","46150"
"293","46170"
"294","46170"
"356","46170"
"357","46170"
"358","46170"
"359","46170"
"360","46170"
"361","46170"
"362","46170"
"634","46170"
"795","46170"
"876","46170"
"877","46170"
"1095","46170"
"1586","46170"
"1588","46170"
"2020","46170"
"2315","46170"
"2895","46170"
"3032","46170"
"3033","46170"
"3034","46170"
"3289","46170"
"3443","46170"
"3766","46170"
"3867","46170"
"4060","46170"
"4066","46170"
"4067","46170"
"4068","46170"
"4549","46170"
"4649","46170"
"5206","46170"
"5207","46170"
"5209","46170"
"5210","46170"
"5211","46170"
"5212","46170"
"5213","46170"
"5646","46170"
"5647","46170"
"5846","46170"
"8070","46170"
"168","46230"
"636","46230"
"637","46230"
"638","46230"
"1099","46230"
"1593","46230"
"1946","46230"
"2162","46230"
"2163","46230"
"3883","46230"
"5449","46230"
"5451","46230"
"5452","46230"
"5453","46230"
"5455","46230"
"5456","46230"
"5608","46230"
"8068","46230"
"95","46710"
"3421","46710"
"4528","46710"
"4651","46710"
"4652","46710"
"8071","46710"
"89","46720"
"3860","46720"
"5287","46720"
"5336","46720"
"5337","46720"
"5338","46720"
"5478","46720"
"5479","46720"
"169","46730"
"3341","46730"
"4597","46730"
"4646","46730"
"8069","46730"
"88","46770"
"5448","46770"
"5460","46770"
"5469","46770"
"5470","46770"
"5471","46770"
"8066","46770"
"98","46780"
"3455","46780"
"5462","46780"
"5463","46780"
"5464","46780"
"5467","46780"
"8074","46780"
"129","46790"
"875","46790"
"3516","46790"
"3760","46790"
"5366","46790"
"5367","46790"
"3127","46800"
"5411","46800"
"5414","46800"
"5418","46800"
"5419","46800"
"5420","46800"
"5421","46800"
"363","46810"
"4578","46810"
"4579","46810"
"5457","46810"
"5459","46810"
"5899","46810"
"5900","46810"
"128","46820"
"3515","46820"
"5302","46820"
"5472","46820"
"124","46830"
"635","46830"
"2161","46830"
"2619","46830"
"3399","46830"
"3530","46830"
"4109","46830"
"5194","46830"
"5486","46830"
"5487","46830"
"97","46840"
"242","46840"
"1943","46840"
"2311","46840"
"2409","46840"
"2897","46840"
"3008","46840"
"5317","46840"
"5335","46840"
"5641","46840"
"5851","46840"
"8073","46840"
"127","46860"
"3514","46860"
"4593","46860"
"4645","46860"
"5327","46860"
"5328","46860"
"123","46870"
"1585","46870"
"5258","46870"
"5325","46870"
"8078","46870"
"125","46880"
"3513","46880"
"5189","46880"
"5190","46880"
"5191","46880"
"5192","46880"
"5443","46880"
"5444","46880"
"318","46890"
"1098","46890"
"5461","46890"
"126","46900"
"3764","46900"
"3765","46900"
"4647","46900"
"4650","46900"
"5415","46900"
"8079","46900"
"122","46910"
"193","46910"
"4960","46910"
"5573","46910"
"5574","46910"
"5575","46910"
"7316","46910"
"7317","46910"
"8885","46910"
"8905","46910"
"8906","46910"
"63","47110"
"201","47110"
"1629","47110"
"2518","47110"
"2520","47110"
"3211","47110"
"3413","47110"
"3430","47110"
"3439","47110"
"3440","47110"
"3781","47110"
"4409","47110"
"4419","47110"
"4420","47110"
"4425","47110"
"4869","47110"
"4870","47110"
"4872","47110"
"4873","47110"
"4874","47110"
"4875","47110"
"4876","47110"
"4877","47110"
"4878","47110"
"4879","47110"
"5290","47110"
"5291","47110"
"8091","47110"
"275","47111"
"650","47111"
"651","47111"
"1630","47111"
"1632","47111"
"1634","47111"
"1635","47111"
"1686","47111"
"1955","47111"
"1956","47111"
"1957","47111"
"1958","47111"
"1970","47111"
"2177","47111"
"2318","47111"
"2519","47111"
"2521","47111"
"2657","47111"
"3160","47111"
"3226","47111"
"3252","47111"
"3329","47111"
"3441","47111"
"3771","47111"
"3785","47111"
"4417","47111"
"4418","47111"
"4423","47111"
"4431","47111"
"4434","47111"
"4853","47111"
"4854","47111"
"4855","47111"
"4871","47111"
"4880","47111"
"5603","47111"
"5645","47111"
"5731","47111"
"5812","47111"
"271","47130"
"465","47130"
"646","47130"
"1954","47130"
"2175","47130"
"2515","47130"
"2516","47130"
"2517","47130"
"2749","47130"
"2860","47130"
"2884","47130"
"3269","47130"
"3292","47130"
"3328","47130"
"4012","47130"
"4403","47130"
"4432","47130"
"4436","47130"
"4559","47130"
"4843","47130"
"4844","47130"
"4845","47130"
"5288","47130"
"5351","47130"
"5352","47130"
"7060","47130"
"8086","47130"
"59","47150"
"1103","47150"
"1104","47150"
"1621","47150"
"1622","47150"
"1624","47150"
"1625","47150"
"1626","47150"
"1627","47150"
"4004","47150"
"4023","47150"
"4437","47150"
"4484","47150"
"4811","47150"
"5785","47150"
"5786","47150"
"8087","47150"
"56","47170"
"647","47170"
"648","47170"
"649","47170"
"1100","47170"
"1688","47170"
"1689","47170"
"1690","47170"
"1691","47170"
"1692","47170"
"1693","47170"
"1971","47170"
"2193","47170"
"2239","47170"
"2485","47170"
"2486","47170"
"2689","47170"
"2693","47170"
"2858","47170"
"3122","47170"
"3123","47170"
"3126","47170"
"3753","47170"
"3755","47170"
"3756","47170"
"4265","47170"
"4276","47170"
"4277","47170"
"4505","47170"
"5085","47170"
"5124","47170"
"5125","47170"
"5234","47170"
"5235","47170"
"5236","47170"
"5237","47170"
"5627","47170"
"8061","47170"
"58","47190"
"466","47190"
"467","47190"
"468","47190"
"653","47190"
"655","47190"
"1694","47190"
"2195","47190"
"3124","47190"
"3319","47190"
"3330","47190"
"3344","47190"
"3456","47190"
"3754","47190"
"4280","47190"
"4485","47190"
"5084","47190"
"5138","47190"
"5139","47190"
"5140","47190"
"5141","47190"
"5142","47190"
"5143","47190"
"5144","47190"
"5146","47190"
"5148","47190"
"5149","47190"
"5702","47190"
"5823","47190"
"5824","47190"
"5825","47190"
"5827","47190"
"5828","47190"
"5829","47190"
"5830","47190"
"8062","47190"
"273","47210"
"882","47210"
"4518","47210"
"5255","47210"
"5256","47210"
"5257","47210"
"157","47230"
"2171","47230"
"4422","47230"
"4424","47230"
"4426","47230"
"4427","47230"
"4428","47230"
"4429","47230"
"4435","47230"
"4859","47230"
"4860","47230"
"4861","47230"
"4862","47230"
"5609","47230"
"5610","47230"
"8090","47230"
"272","47250"
"1696","47250"
"1697","47250"
"1698","47250"
"2198","47250"
"2199","47250"
"3192","47250"
"3231","47250"
"3270","47250"
"3271","47250"
"3272","47250"
"4247","47250"
"4473","47250"
"5480","47250"
"5481","47250"
"5869","47250"
"5870","47250"
"5871","47250"
"8064","47250"
"274","47280"
"1110","47280"
"4529","47280"
"4531","47280"
"5128","47280"
"5129","47280"
"5130","47280"
"5131","47280"
"5132","47280"
"5133","47280"
"5134","47280"
"5671","47280"
"5852","47280"
"6965","47280"
"8063","47280"
"1610","47290"
"1612","47290"
"1950","47290"
"1951","47290"
"1952","47290"
"2169","47290"
"2317","47290"
"2768","47290"
"2822","47290"
"2844","47290"
"2850","47290"
"3189","47290"
"3536","47290"
"4008","47290"
"4013","47290"
"4015","47290"
"4020","47290"
"4021","47290"
"4365","47290"
"4366","47290"
"4399","47290"
"4404","47290"
"4405","47290"
"4408","47290"
"4410","47290"
"4411","47290"
"4438","47290"
"4827","47290"
"4828","47290"
"4829","47290"
"4830","47290"
"4831","47290"
"4832","47290"
"4833","47290"
"4834","47290"
"4835","47290"
"4836","47290"
"4837","47290"
"4838","47290"
"4839","47290"
"4840","47290"
"4841","47290"
"4842","47290"
"5604","47290"
"8085","47290"
"3535","47720"
"4512","47720"
"5376","47720"
"158","47730"
"3139","47730"
"3140","47730"
"3401","47730"
"4474","47730"
"4475","47730"
"5250","47730"
"5251","47730"
"5252","47730"
"5454","47730"
"5784","47730"
"8065","47730"
"332","47750"
"3393","47750"
"4470","47750"
"4471","47750"
"5137","47750"
"5145","47750"
"5147","47750"
"3371","47760"
"3372","47760"
"4472","47760"
"5441","47760"
"5465","47760"
"277","47770"
"2179","47770"
"3392","47770"
"4858","47770"
"5643","47770"
"8089","47770"
"3052","47820"
"3058","47820"
"883","47830"
"4006","47830"
"4016","47830"
"4019","47830"
"4414","47830"
"4415","47830"
"4421","47830"
"4430","47830"
"4846","47830"
"4847","47830"
"4848","47830"
"4849","47830"
"4850","47830"
"5722","47830"
"3445","47840"
"3861","47840"
"4796","47840"
"159","47850"
"1105","47850"
"3521","47850"
"3787","47850"
"4017","47850"
"4026","47850"
"4029","47850"
"4279","47850"
"4362","47850"
"4364","47850"
"4406","47850"
"4407","47850"
"4812","47850"
"4813","47850"
"4865","47850"
"4866","47850"
"4867","47850"
"4868","47850"
"5543","47850"
"3414","47900"
"4510","47900"
"5244","47900"
"5245","47900"
"5246","47900"
"5247","47900"
"5248","47900"
"5249","47900"
"7259","47900"
"3534","47920"
"4486","47920"
"5350","47920"
"5362","47920"
"5363","47920"
"5364","47920"
"5365","47920"
"276","47930"
"2969","47930"
"3525","47930"
"5243","47930"
"6999","47930"
"4397","47940"
"4398","47940"
"4400","47940"
"4401","47940"
"4402","47940"
"74","48121"
"81","48121"
"196","48121"
"255","48121"
"462","48121"
"900","48121"
"902","48121"
"2001","48121"
"2003","48121"
"2471","48121"
"2627","48121"
"2801","48121"
"3066","48121"
"3648","48121"
"3748","48121"
"4235","48121"
"4236","48121"
"4241","48121"
"4254","48121"
"4481","48121"
"4785","48121"
"77","48123"
"898","48123"
"1752","48123"
"1754","48123"
"1755","48123"
"1995","48123"
"3426","48123"
"4170","48123"
"4178","48123"
"4494","48123"
"4498","48123"
"5156","48123"
"78","48125"
"197","48125"
"198","48125"
"460","48125"
"897","48125"
"1996","48125"
"1997","48125"
"2329","48125"
"2841","48125"
"2906","48125"
"3446","48125"
"3746","48125"
"3747","48125"
"5706","48125"
"8051","48125"
"83","48129"
"280","48129"
"903","48129"
"1136","48129"
"1143","48129"
"1761","48129"
"1762","48129"
"1763","48129"
"2770","48129"
"4202","48129"
"4203","48129"
"4204","48129"
"4777","48129"
"5105","48129"
"5157","48129"
"5348","48129"
"5349","48129"
"6963","48129"
"8055","48129"
"82","48170"
"1138","48170"
"1139","48170"
"1140","48170"
"1141","48170"
"1142","48170"
"2006","48170"
"2007","48170"
"2219","48170"
"2426","48170"
"2665","48170"
"2696","48170"
"3378","48170"
"3511","48170"
"3646","48170"
"3750","48170"
"4206","48170"
"4207","48170"
"4208","48170"
"4209","48170"
"4210","48170"
"4211","48170"
"4212","48170"
"4213","48170"
"4482","48170"
"5082","48170"
"5099","48170"
"5100","48170"
"5101","48170"
"5102","48170"
"5103","48170"
"5775","48170"
"5776","48170"
"5777","48170"
"7356","48170"
"85","48220"
"464","48220"
"1151","48220"
"1765","48220"
"1766","48220"
"2008","48220"
"2009","48220"
"2010","48220"
"2221","48220"
"2222","48220"
"2332","48220"
"3303","48220"
"3363","48220"
"3458","48220"
"3512","48220"
"4176","48220"
"4179","48220"
"4181","48220"
"4182","48220"
"5098","48220"
"5214","48220"
"5215","48220"
"5216","48220"
"5515","48220"
"5599","48220"
"5600","48220"
"79","48240"
"1134","48240"
"1759","48240"
"2216","48240"
"3425","48240"
"3457","48240"
"3703","48240"
"4214","48240"
"4218","48240"
"5083","48240"
"5774","48240"
"8053","48240"
"64","48250"
"364","48250"
"365","48250"
"366","48250"
"892","48250"
"893","48250"
"894","48250"
"895","48250"
"1126","48250"
"1129","48250"
"1131","48250"
"1736","48250"
"1737","48250"
"1739","48250"
"1740","48250"
"1741","48250"
"1742","48250"
"2207","48250"
"2208","48250"
"2209","48250"
"2735","48250"
"3089","48250"
"3090","48250"
"3095","48250"
"3116","48250"
"3187","48250"
"3629","48250"
"3802","48250"
"3807","48250"
"3812","48250"
"3973","48250"
"3974","48250"
"3975","48250"
"3976","48250"
"3989","48250"
"3990","48250"
"4501","48250"
"4502","48250"
"4503","48250"
"4818","48250"
"4821","48250"
"5344","48250"
"5882","48250"
"7416","48250"
"8105","48250"
"163","48270"
"1757","48270"
"1758","48270"
"2330","48270"
"2712","48270"
"2758","48270"
"3751","48270"
"4487","48270"
"4492","48270"
"4495","48270"
"4496","48270"
"4497","48270"
"5090","48270"
"5104","48270"
"5847","48270"
"5848","48270"
"5849","48270"
"6681","48270"
"8052","48270"
"279","48310"
"904","48310"
"1144","48310"
"1145","48310"
"1146","48310"
"1147","48310"
"1148","48310"
"1149","48310"
"1150","48310"
"1767","48310"
"2225","48310"
"2236","48310"
"2333","48310"
"2472","48310"
"3379","48310"
"3402","48310"
"3937","48310"
"4249","48310"
"4304","48310"
"4306","48310"
"4307","48310"
"4308","48310"
"4310","48310"
"4311","48310"
"4312","48310"
"4313","48310"
"4314","48310"
"5202","48310"
"5203","48310"
"5204","48310"
"5205","48310"
"5783","48310"
"8046","48310"
"84","48320"
"191","48320"
"254","48320"
"380","48320"
"899","48320"
"901","48320"
"2212","48320"
"3141","48320"
"3347","48320"
"4234","48320"
"4237","48320"
"4238","48320"
"4239","48320"
"4240","48320"
"4788","48320"
"5127","48320"
"5135","48320"
"5136","48320"
"5772","48320"
"5773","48320"
"8048","48320"
"162","48330"
"499","48330"
"501","48330"
"502","48330"
"890","48330"
"891","48330"
"1120","48330"
"1121","48330"
"1123","48330"
"1124","48330"
"1734","48330"
"2203","48330"
"2204","48330"
"2205","48330"
"2251","48330"
"2420","48330"
"2421","48330"
"2422","48330"
"2655","48330"
"2741","48330"
"2786","48330"
"3088","48330"
"3093","48330"
"3112","48330"
"3117","48330"
"3156","48330"
"3188","48330"
"3238","48330"
"3809","48330"
"3810","48330"
"3811","48330"
"3986","48330"
"5345","48330"
"5346","48330"
"5677","48330"
"5678","48330"
"5888","48330"
"5889","48330"
"5890","48330"
"5892","48330"
"5893","48330"
"8109","48330"
"80","48720"
"86","48730"
"2005","48730"
"2331","48730"
"2956","48730"
"3025","48730"
"3026","48730"
"4187","48730"
"4188","48730"
"4476","48730"
"4477","48730"
"4478","48730"
"4479","48730"
"4480","48730"
"5316","48730"
"5386","48730"
"5780","48730"
"8058","48730"
"166","48740"
"2476","48740"
"2477","48740"
"2759","48740"
"3428","48740"
"4292","48740"
"4293","48740"
"4303","48740"
"4305","48740"
"4491","48740"
"4493","48740"
"4687","48740"
"4792","48740"
"4889","48740"
"4893","48740"
"4895","48740"
"8056","48740"
"2211","48820"
"2473","48820"
"3394","48820"
"3752","48820"
"4219","48820"
"4316","48820"
"4317","48820"
"4488","48820"
"5370","48820"
"5371","48820"
"8049","48820"
"75","48840"
"2223","48840"
"2224","48840"
"4215","48840"
"4216","48840"
"4217","48840"
"4507","48840"
"4508","48840"
"5106","48840"
"5115","48840"
"5116","48840"
"5126","48840"
"8050","48840"
"322","48850"
"1768","48850"
"2011","48850"
"2478","48850"
"2479","48850"
"3427","48850"
"4193","48850"
"4196","48850"
"4197","48850"
"4198","48850"
"4200","48850"
"4201","48850"
"5339","48850"
"5340","48850"
"5341","48850"
"5342","48850"
"5343","48850"
"8057","48850"
"164","48860"
"2474","48860"
"2475","48860"
"3749","48860"
"4228","48860"
"4229","48860"
"5086","48860"
"5087","48860"
"5088","48860"
"5089","48860"
"5091","48860"
"5092","48860"
"5093","48860"
"5372","48860"
"5373","48860"
"5668","48860"
"5669","48860"
"8054","48860"
"167","48870"
"905","48870"
"2482","48870"
"2483","48870"
"3403","48870"
"4167","48870"
"4168","48870"
"4294","48870"
"4295","48870"
"4296","48870"
"4297","48870"
"4298","48870"
"4299","48870"
"5107","48870"
"5108","48870"
"5109","48870"
"5111","48870"
"5112","48870"
"8059","48870"
"73","48880"
"2227","48880"
"4189","48880"
"4190","48880"
"4504","48880"
"5155","48880"
"5326","48880"
"321","48890"
"2214","48890"
"2484","48890"
"4191","48890"
"5369","48890"
"8060","48890"
"134","50110"
"136","50110"
"137","50110"
"199","50110"
"256","50110"
"257","50110"
"258","50110"
"259","50110"
"386","50110"
"403","50110"
"404","50110"
"405","50110"
"406","50110"
"407","50110"
"409","50110"
"412","50110"
"414","50110"
"415","50110"
"416","50110"
"417","50110"
"419","50110"
"420","50110"
"421","50110"
"678","50110"
"1152","50110"
"1153","50110"
"1154","50110"
"1155","50110"
"1156","50110"
"1157","50110"
"1158","50110"
"1159","50110"
"1160","50110"
"1161","50110"
"1162","50110"
"1163","50110"
"1164","50110"
"1165","50110"
"1166","50110"
"1167","50110"
"1168","50110"
"1169","50110"
"1170","50110"
"1172","50110"
"1175","50110"
"1176","50110"
"1177","50110"
"1178","50110"
"1179","50110"
"1180","50110"
"1181","50110"
"1182","50110"
"1183","50110"
"1184","50110"
"1185","50110"
"1186","50110"
"1187","50110"
"1188","50110"
"1189","50110"
"1190","50110"
"1191","50110"
"1192","50110"
"1193","50110"
"1194","50110"
"1195","50110"
"1196","50110"
"1197","50110"
"1198","50110"
"1199","50110"
"1200","50110"
"1201","50110"
"1202","50110"
"1204","50110"
"1205","50110"
"1206","50110"
"1208","50110"
"1209","50110"
"1769","50110"
"1770","50110"
"1772","50110"
"1773","50110"
"1775","50110"
"1776","50110"
"1777","50110"
"1778","50110"
"1782","50110"
"1783","50110"
"2012","50110"
"2013","50110"
"2015","50110"
"2016","50110"
"2017","50110"
"2018","50110"
"2229","50110"
"2230","50110"
"2232","50110"
"2233","50110"
"2336","50110"
"2427","50110"
"2626","50110"
"2750","50110"
"2762","50110"
"2899","50110"
"2976","50110"
"2983","50110"
"3023","50110"
"3024","50110"
"3041","50110"
"3042","50110"
"3043","50110"
"3137","50110"
"3165","50110"
"3256","50110"
"3282","50110"
"3302","50110"
"3362","50110"
"3366","50110"
"3367","50110"
"3368","50110"
"3404","50110"
"3448","50110"
"3461","50110"
"3467","50110"
"3643","50110"
"3644","50110"
"3830","50110"
"3831","50110"
"3832","50110"
"3833","50110"
"3840","50110"
"3842","50110"
"3862","50110"
"4655","50110"
"4656","50110"
"4657","50110"
"4694","50110"
"4695","50110"
"4697","50110"
"4698","50110"
"4699","50110"
"4700","50110"
"4701","50110"
"4702","50110"
"4703","50110"
"4704","50110"
"4724","50110"
"4763","50110"
"5014","50110"
"5440","50110"
"5445","50110"
"5446","50110"
"5447","50110"
"5640","50110"
"5703","50110"
"5801","50110"
"5802","50110"
"5803","50110"
"5804","50110"
"5806","50110"
"8135","50110"
"8136","50110"
"133","50130"
"382","50130"
"384","50130"
"385","50130"
"425","50130"
"427","50130"
"428","50130"
"429","50130"
"430","50130"
"431","50130"
"433","50130"
"434","50130"
"435","50130"
"436","50130"
"438","50130"
"440","50130"
"441","50130"
"1210","50130"
"1211","50130"
"1213","50130"
"1214","50130"
"1215","50130"
"1216","50130"
"1217","50130"
"1218","50130"
"1785","50130"
"1786","50130"
"2980","50130"
"3029","50130"
"3030","50130"
"3053","50130"
"3380","50130"
"3382","50130"
"3449","50130"
"3450","50130"
"3834","50130"
"3835","50130"
"3836","50130"
"3837","50130"
"3838","50130"
"3839","50130"
"3864","50130"
"4706","50130"
"4707","50130"
"4755","50130"
"4756","50130"
"4757","50130"
"5450","50130"
"5585","50130"
"5792","50130"
"8134","50130"
"43","51110"
"399","51110"
"1042","51110"
"2082","51110"
"2083","51110"
"2084","51110"
"2085","51110"
"2086","51110"
"2087","51110"
"2088","51110"
"2089","51110"
"2090","51110"
"2092","51110"
"2241","51110"
"2245","51110"
"2902","51110"
"3334","51110"
"3641","51110"
"3714","51110"
"3722","51110"
"4283","51110"
"4288","51110"
"4289","51110"
"4634","51110"
"4744","51110"
"5385","51110"
"5395","51110"
"5485","51110"
"5491","51110"
"5508","51110"
"5509","51110"
"5628","51110"
"5771","51110"
"6756","51110"
"8026","51110"
"44","51130"
"1043","51130"
"1046","51130"
"1047","51130"
"1443","51130"
"1444","51130"
"1445","51130"
"1446","51130"
"1879","51130"
"1880","51130"
"2093","51130"
"2094","51130"
"2095","51130"
"2096","51130"
"2097","51130"
"2296","51130"
"2298","51130"
"2391","51130"
"2734","51130"
"3301","51130"
"3320","51130"
"3361","51130"
"3505","51130"
"3712","51130"
"3715","51130"
"3721","51130"
"3723","51130"
"4357","51130"
"4600","51130"
"5466","51130"
"5468","51130"
"5506","51130"
"5507","51130"
"5572","51130"
"42","51150"
"1050","51150"
"1452","51150"
"2099","51150"
"2100","51150"
"2101","51150"
"2102","51150"
"2103","51150"
"2104","51150"
"2105","51150"
"2107","51150"
"2112","51150"
"2393","51150"
"2394","51150"
"2433","51150"
"2434","51150"
"2435","51150"
"2436","51150"
"2437","51150"
"2438","51150"
"2439","51150"
"2775","51150"
"2909","51150"
"3383","51150"
"3636","51150"
"3638","51150"
"3716","51150"
"3900","51150"
"3901","51150"
"4285","51150"
"4286","51150"
"4605","51150"
"4970","51150"
"4971","51150"
"5230","51150"
"5492","51150"
"5493","51150"
"5510","51150"
"8005","51150"
"148","51170"
"1462","51170"
"1463","51170"
"1464","51170"
"2113","51170"
"3519","51170"
"3717","51170"
"3902","51170"
"3903","51170"
"4611","51170"
"5239","51170"
"5240","51170"
"5241","51170"
"5636","51170"
"5794","51170"
"267","51190"
"2109","51190"
"4654","51190"
"4658","51190"
"4692","51190"
"5403","51190"
"5498","51190"
"5499","51190"
"5502","51190"
"266","51210"
"1459","51210"
"1883","51210"
"2111","51210"
"3243","51210"
"3724","51210"
"4300","51210"
"4301","51210"
"4302","51210"
"5484","51210"
"8027","51210"
"268","51230"
"1453","51230"
"1454","51230"
"1455","51230"
"1456","51230"
"2395","51230"
"2396","51230"
"2641","51230"
"3178","51230"
"3299","51230"
"3300","51230"
"3313","51230"
"5495","51230"
"5496","51230"
"265","51720"
"1877","51720"
"3386","51720"
"3406","51720"
"3434","51720"
"5229","51720"
"5488","51720"
"5781","51720"
"5782","51720"
"8030","51720"
"326","51730"
"846","51730"
"1049","51730"
"3719","51730"
"3725","51730"
"4640","51730"
"4641","51730"
"4642","51730"
"4958","51730"
"4959","51730"
"5232","51730"
"5503","51730"
"5504","51730"
"5845","51730"
"1460","51750"
"3059","51750"
"3433","51750"
"4601","51750"
"5489","51750"
"5490","51750"
"6956","51750"
"6976","51750"
"270","51760"
"2440","51760"
"2441","51760"
"2442","51760"
"2443","51760"
"3642","51760"
"3718","51760"
"4284","51760"
"4604","51760"
"5318","51760"
"5319","51760"
"5320","51760"
"5321","51760"
"5322","51760"
"5323","51760"
"5324","51760"
"5494","51760"
"2444","51770"
"2445","51770"
"2446","51770"
"3934","51770"
"4630","51770"
"5458","51770"
"5473","51770"
"5474","51770"
"5475","51770"
"5476","51770"
"5477","51770"
"5500","51770"
"5642","51770"
"327","51780"
"8029","51780"
"3720","51790"
"3933","51790"
"5788","51790"
"1447","51800"
"1448","51800"
"1881","51800"
"3060","51800"
"3214","51800"
"3385","51800"
"4290","51800"
"4291","51800"
"5313","51800"
"5314","51800"
"189","51810"
"3529","51810"
"4506","51810"
"4653","51810"
"5377","51810"
"5378","51810"
"5379","51810"
"5380","51810"
"5381","51810"
"5382","51810"
"5383","51810"
"5384","51810"
"5511","51810"
"5670","51810"
"328","51820"
"3360","51820"
"3396","51820"
"3465","51820"
"4373","51820"
"5512","51820"
"269","51830"
"2299","51830"
"3405","51830"
"3639","51830"
"4606","51830"
"4607","51830"
"8028","51830"
"400","52111"
"1568","52111"
"1572","52111"
"1573","52111"
"1575","52111"
"1931","52111"
"2406","52111"
"2407","52111"
"2568","52111"
"2569","52111"
"2869","52111"
"2878","52111"
"3038","52111"
"3825","52111"
"3827","52111"
"3880","52111"
"4270","52111"
"4271","52111"
"5004","52111"
"5010","52111"
"5011","52111"
"5012","52111"
"5013","52111"
"132","52113"
"316","52113"
"1085","52113"
"1086","52113"
"1542","52113"
"1543","52113"
"1544","52113"
"1545","52113"
"1546","52113"
"1549","52113"
"1550","52113"
"1552","52113"
"1554","52113"
"1555","52113"
"1556","52113"
"1922","52113"
"1923","52113"
"2306","52113"
"2307","52113"
"2402","52113"
"2560","52113"
"2639","52113"
"2680","52113"
"2723","52113"
"2816","52113"
"2986","52113"
"3054","52113"
"3169","52113"
"3219","52113"
"3352","52113"
"3518","52113"
"3668","52113"
"3829","52113"
"4148","52113"
"4258","52113"
"4259","52113"
"4267","52113"
"4268","52113"
"4269","52113"
"4468","52113"
"4469","52113"
"4663","52113"
"4664","52113"
"4680","52113"
"5113","52113"
"5114","52113"
"5117","52113"
"5118","52113"
"5119","52113"
"5120","52113"
"5121","52113"
"5233","52113"
"5605","52113"
"5606","52113"
"8132","52113"
"628","52130"
"869","52130"
"1563","52130"
"1564","52130"
"1565","52130"
"1567","52130"
"1929","52130"
"1930","52130"
"2142","52130"
"2309","52130"
"2561","52130"
"2562","52130"
"2563","52130"
"2564","52130"
"2745","52130"
"2999","52130"
"3143","52130"
"3144","52130"
"3217","52130"
"3663","52130"
"3826","52130"
"3905","52130"
"4934","52130"
"4935","52130"
"4936","52130"
"4937","52130"
"5253","52130"
"5254","52130"
"131","52140"
"1089","52140"
"1090","52140"
"1562","52140"
"2140","52140"
"2635","52140"
"2894","52140"
"4260","52140"
"4263","52140"
"4264","52140"
"5094","52140"
"5095","52140"
"5096","52140"
"5097","52140"
"5691","52140"
"5808","52140"
"5809","52140"
"8128","52140"
"8129","52140"
"9318","52140"
"175","52180"
"1557","52180"
"1558","52180"
"1559","52180"
"1560","52180"
"2137","52180"
"2403","52180"
"3056","52180"
"3828","52180"
"4675","52180"
"4676","52180"
"4677","52180"
"4678","52180"
"5858","52180"
"8133","52180"
"172","52190"
"1926","52190"
"2134","52190"
"2135","52190"
"2308","52190"
"3435","52190"
"3523","52190"
"5439","52190"
"130","52210"
"3517","52210"
"4261","52210"
"4671","52210"
"4679","52210"
"5150","52210"
"5151","52210"
"5153","52210"
"5368","52210"
"5859","52210"
"2557","52710"
"2558","52710"
"2559","52710"
"2950","52710"
"4262","52710"
"4659","52710"
"5006","52710"
"176","52720"
"2136","52720"
"3284","52720"
"3524","52720"
"4668","52720"
"4669","52720"
"5152","52720"
"5154","52720"
"315","52730"
"5068","52730"
"5069","52730"
"8126","52730"
"174","52740"
"2138","52740"
"3708","52740"
"3709","52740"
"5607","52740"
"8131","52740"
"173","52750"
"3111","52750"
"3665","52750"
"5437","52750"
"5601","52750"
"8130","52750"
"2139","52770"
"3664","52770"
"4938","52770"
"171","52790"
"388","52790"
"4266","52790"
"4670","52790"
"8125","52790"
"314","52800"
"4665","52800"
"5811","52800"
"8127","52800"
